id,Tg,FFV,Tc,Density,Rg
1109053969,96.54143698508773,0.3672224953599697,0.2563329269321394,0.9855476246230936,16.420979881042072
1422188626,96.5386219112174,0.36721583449195266,0.25630169526920454,0.985573239536481,16.41997195182467
2032016830,96.52503672393853,0.3672202103093971,0.2563518108517281,0.9855229778135108,16.421111347593754
