id,Tg,FFV,Tc,Density,Rg
1109053969,105.09817476906088,0.36823021663523664,0.2560646586501103,0.992425394291392,16.56232519255923
1422188626,104.7370684479197,0.36748777458520737,0.2529506440570304,0.9951135891701273,16.468275386148797
2032016830,103.68380630105352,0.3679599894947372,0.2578387393215331,0.9895657234855806,16.558970157816514
