id,Tg,FFV,Tc,Density,Rg
1109053969,117.60633136571005,0.38278816548389805,0.2137904292320138,1.1292782776229116,21.223709892019365
1422188626,126.80818897123918,0.37967689305868874,0.22237086072742326,1.1032756346472843,21.583615501931227
2032016830,48.24818846602448,0.35148611825613163,0.1821384838138109,1.2123199573027956,18.079283756355206
